Species,Trait,Algorithm,r,% Best,Rank
maize,flowering time,BayesA,0.748367749286856,0.9779934624980232,5
maize,flowering time,SVR,0.7440837454105,0.9723949746043568,7
maize,flowering time,BayesB,0.750526129268397,0.9808141098516066,4
maize,flowering time,SVRpoly,0.737096284327,0.9632635131462244,10
maize,flowering time,BL,0.740149696147398,0.967253819785586,8
maize,flowering time,SVRrbf,0.6611343226503,0.863993733029254,18
maize,flowering time,BRR,0.765207312710814,1.0,1
maize,flowering time,ANN,0.674098,0.8809351254262701,17
maize,flowering time,rrBLUP,0.7443424803581,0.9727330985915456,6
maize,flowering time,CNN,0.722891445,0.9447001263475826,12
maize,flowering time,GTB,0.7138909657811,0.9329379815413404,15
maize,flowering time,EN5,0.7508555,0.981244543181414,3
maize,flowering time,RF,0.7080031356259,0.92524355670065,16
maize,flowering time,EN11,0.7526832,0.9836330462310324,2
maize,flowering time,ANN_BayesB,0.7400864,0.9671711021398622,9
maize,flowering time,ANN_BL,0.7196942,0.9405218534182852,13
maize,flowering time,ANN_RF,0.7353574,0.9609910775616246,11
maize,flowering time,ANN_rrBLUP,0.7151943,0.9346412248288136,14
maize,height,BayesA,0.423518048851023,0.9457393163389396,9
maize,height,SVRrbf,0.3932925072688,0.878244003897128,12
maize,height,SVR,0.4091402632683,0.9136329228939328,11
maize,height,ANN_RF,0.3832107,0.855730768535087,16
maize,height,ANN_BayesB,0.386839136363636,0.863833268381868,13
maize,height,BRR,0.437570211959727,0.9771185767212596,5
maize,height,BayesB,0.432469373523066,0.9657281212992768,7
maize,height,ANN,0.412042,0.9201126621170396,10
maize,height,SVRpoly,0.4329176290806,0.9667291008459036,6
maize,height,ANN_rrBLUP,0.3714936,0.829565833714627,17
maize,height,ANN_BL,0.3843752,0.858331161686841,15
maize,height,rrBLUP,0.444474939207585,0.9925372160085628,2
maize,height,BL,0.440652743594036,0.9840020409994252,3
maize,height,CNN,0.3863657,0.862776058697204,14
maize,height,EN5,0.4478169,1.0,1
maize,height,GTB,0.3712891200386,0.82910921860832,18
maize,height,RF,0.426824332745,0.953122431835422,8
maize,height,EN11,0.4385121,0.9792218650077744,4
maize,yield,BayesA,0.531529631994618,0.9741297867968116,8
maize,yield,ANN,0.507829,0.9306938423035024,11
maize,yield,SVR,0.5175280083437,0.948469131508987,9
maize,yield,rrBLUP,0.538353146577263,0.9866351833081094,5
maize,yield,BayesB,0.533788192539583,0.9782690312898766,7
maize,yield,CNN,0.49552867,0.908151133263056,15
maize,yield,SVRpoly,0.5343752788767,0.9793449793725084,6
maize,yield,GTB,0.4790512256582,0.877953062680612,17
maize,yield,BL,0.543847416041381,0.9967044837187008,2
maize,yield,EN5,0.5456456,1.0,1
maize,yield,SVRrbf,0.5021469951263,0.9202804808218008,12
maize,yield,RF,0.5166238135682,0.9468120215176298,10
maize,yield,BRR,0.539847182436483,0.9893732899825146,4
maize,yield,EN11,0.5409162,0.9913324692804268,3
maize,yield,ANN_rrBLUP,0.4905696,0.899062688309042,16
maize,yield,ANN_BayesB,0.499182677777778,0.914847801902513,13
maize,yield,ANN_BL,0.497071736363636,0.9109790977213716,14
maize,yield,ANN_RF,0.463531437878788,0.849510081046723,18
rice,flowering time,BayesA,0.6438017157576,0.99100454265312,2
rice,flowering time,BayesB,0.64964557481645,1.0,1
rice,flowering time,BL,0.537023543365751,0.826640808747878,11
rice,flowering time,BRR,0.53949768824532,0.830449262119192,9
rice,flowering time,rrBLUP,0.417543915516115,0.642725713377002,18
rice,flowering time,CNN,0.44404686,0.6835217189395311,17
rice,flowering time,GTB,0.5131450468482,0.789884618229229,13
rice,flowering time,EN5,0.5833064,0.897884050337457,4
rice,flowering time,RF,0.542146684442273,0.834526864275878,8
rice,flowering time,EN11,0.6023848,0.9272514480995218,3
rice,flowering time,SVR,0.4987166719359,0.767675008140872,15
rice,flowering time,ANN_BayesB,0.573899437373737,0.883403904561169,5
rice,flowering time,SVRpoly,0.5579251787827,0.858814714377659,6
rice,flowering time,ANN_BL,0.5387213,0.829254167015929,10
rice,flowering time,SVRrbf,0.5182400771175,0.797727402767151,12
rice,flowering time,ANN_RF,0.5513418,0.8486809136747759,7
rice,flowering time,ANN,0.50987,0.784843335758975,14
rice,flowering time,ANN_rrBLUP,0.470003033333333,0.723476079193069,16
rice,height,BayesA,0.382411758222797,0.9366856657031414,6
rice,height,SVR,0.3813386032455,0.9340570622078304,8
rice,height,ANN_BayesB,0.319033481818182,0.7814458705120431,15
rice,height,BayesB,0.381323391080664,0.934019801280466,9
rice,height,SVRpoly,0.3817579123555,0.9350841248553312,7
rice,height,SVRrbf,0.3806614628056,0.9323984632498122,10
rice,height,ANN_BL,0.328574245454545,0.8048151742687459,13
rice,height,ANN,0.253411,0.620709081579041,18
rice,height,BL,0.39063935613425,0.9568384796820896,4
rice,height,CNN,0.31658232,0.775441954340427,16
rice,height,BRR,0.385217350707338,0.9435577301927032,5
rice,height,EN5,0.3940957,0.9653045053342167,3
rice,height,ANN_RF,0.300911088811189,0.737056582283098,17
rice,height,GTB,0.3784280160435,0.9269278219261966,11
rice,height,ANN_rrBLUP,0.3229931,0.791144624571811,14
rice,height,RF,0.3956027863185,0.968995987411224,2
rice,height,rrBLUP,0.342870229367444,0.839831992973712,12
rice,height,EN11,0.4082605,1.0,1
rice,yield,BayesA,0.365014207151334,0.9490593553754416,6
rice,yield,ANN,0.275117,0.715321095884285,15
rice,yield,BayesB,0.366224427717348,0.9522060031709004,5
rice,yield,CNN,0.245573945,0.638507338543336,18
rice,yield,SVRpoly,0.3330703503405,0.866003365884802,10
rice,yield,BL,0.362823560663336,0.9433635399714888,7
rice,yield,EN5,0.3734018,0.9708676118929928,3
rice,yield,SVRrbf,0.2889043323768,0.75116900679162,12
rice,yield,BRR,0.362810359765985,0.9433292168276624,8
rice,yield,EN11,0.3846063,1.0,1
rice,yield,SVR,0.3382932207612,0.879583149733117,9
rice,yield,rrBLUP,0.271812804499921,0.706729984662031,16
rice,yield,ANN_BayesB,0.289630593939394,0.753057331456593,11
rice,yield,GTB,0.3682854867006,0.9575648831040988,4
rice,yield,ANN_BL,0.258960306060606,0.673312699403536,17
rice,yield,RF,0.3800635650054,0.9881886100290088,2
rice,yield,ANN_RF,0.284620679166667,0.740031245371349,13
rice,yield,ANN_rrBLUP,0.28178943030303,0.732669824449132,14
sorghum,height,CNN,0.55363687,0.881484493483158,18
sorghum,height,BayesA,0.627986036844726,0.9998610706735788,2
sorghum,height,EN5,0.6226262,0.991327294615229,8
sorghum,height,BayesB,0.628073294644494,1.0,1
sorghum,height,EN11,0.6267635,0.997914583129608,5
sorghum,height,BL,0.618988870263013,0.985536044186335,10
sorghum,height,ANN_BayesB,0.5772963,0.9191543485808684,15
sorghum,height,SVRrbf,0.6261527150606,0.9969421091451096,6
sorghum,height,SVR,0.6202715632369,0.987578310566428,9
sorghum,height,ANN_RF,0.593229509090909,0.944522739860628,11
sorghum,height,SVRpoly,0.627402939056,0.998932679363682,4
sorghum,height,BRR,0.625678510582291,0.99618709459131,7
sorghum,height,ANN_BL,0.5737185,0.9134578796647286,17
sorghum,height,ANN,0.590263,0.939799550519186,12
sorghum,height,ANN_rrBLUP,0.5778962,0.9201094918820012,14
sorghum,height,rrBLUP,0.627936284146857,0.999781855877641,3
sorghum,height,GTB,0.5755770910521,0.9164170741854126,16
sorghum,height,RF,0.5787282631993,0.9214342786646824,13
sorghum,grain moisture,BayesA,0.571666555576771,0.9987430782317728,3
sorghum,grain moisture,BayesB,0.571547898483282,0.9985357756536364,4
sorghum,grain moisture,BL,0.566333066980371,0.9894250854849194,9
sorghum,grain moisture,BRR,0.570386229049025,0.9965062546062016,5
sorghum,grain moisture,rrBLUP,0.568999933014063,0.994084294539111,6
sorghum,grain moisture,GTB,0.5382462843818,0.9403554321415968,11
sorghum,grain moisture,RF,0.5327737559737,0.9307945267244484,12
sorghum,grain moisture,SVR,0.5557705539343,0.970971606458404,10
sorghum,grain moisture,SVRpoly,0.5674792307358,0.9914275169829452,7
sorghum,grain moisture,SVRrbf,0.5723201867474,0.9998850194578486,2
sorghum,grain moisture,ANN,0.512866,0.896014228160717,15
sorghum,grain moisture,CNN,0.471649595,0.824006168913985,18
sorghum,grain moisture,EN5,0.5668638,0.9903523146967258,8
sorghum,grain moisture,EN11,0.572386,1.0,1
sorghum,grain moisture,ANN_BayesB,0.515296690909091,0.9002608220835083,13
sorghum,grain moisture,ANN_BL,0.5130829,0.896393168246603,14
sorghum,grain moisture,ANN_RF,0.491592065151515,0.858847115672842,17
sorghum,grain moisture,ANN_rrBLUP,0.506428136363636,0.884766811843121,16
sorghum,yield,BayesA,0.405515975183183,0.9874775262821324,5
sorghum,yield,BayesB,0.39984365528133,0.9736647821049568,7
sorghum,yield,CNN,0.317290145,0.772637594256958,18
sorghum,yield,BL,0.400897123327363,0.9762300966271372,6
sorghum,yield,EN5,0.4065074,0.989891758483866,4
sorghum,yield,BRR,0.410658434637958,1.0,1
sorghum,yield,EN11,0.4088408,0.9955738529039092,3
sorghum,yield,ANN,0.381173,0.928199612741541,12
sorghum,yield,rrBLUP,0.392946521405377,0.9568694765804678,9
sorghum,yield,ANN_BayesB,0.3291162,0.801435383374393,17
sorghum,yield,SVRpoly,0.408933451097,0.9957994688639996,2
sorghum,yield,GTB,0.3962233195529,0.9648488527995676,8
sorghum,yield,ANN_BL,0.3556143,0.865961270985495,15
sorghum,yield,SVRrbf,0.3833495803906,0.9334998335747472,11
sorghum,yield,RF,0.3564743022201,0.868055474215141,14
sorghum,yield,ANN_RF,0.359947118181818,0.876512176108479,13
sorghum,yield,SVR,0.3854745603681,0.9386744015326012,10
sorghum,yield,ANN_rrBLUP,0.346943166666667,0.844846074993045,16
soy,height,CNN,0.432752765,0.9242660296425104,12
soy,height,EN5,0.4563156,0.9745911337526404,7
soy,height,EN11,0.4651633,0.9934879016345696,2
soy,height,BayesA,0.468212344845543,1.0,1
soy,height,SVR,0.4284905587033,0.9151628815866726,14
soy,height,BL,0.464027631772107,0.9910623606585682,5
soy,height,ANN_BayesB,0.4381746,0.9358458930521109,11
soy,height,SVRrbf,0.04429275619143,0.0945997188648269,18
soy,height,BayesB,0.463106612417863,0.9890952631132272,6
soy,height,ANN,0.44104,0.9419657658652576,10
soy,height,SVRpoly,0.4091090589994,0.873768202618322,15
soy,height,BRR,0.464435821480796,0.9919341653283557,3
soy,height,ANN_BL,0.4422511,0.9445524127431812,8
soy,height,rrBLUP,0.464333402465773,0.9917154205298672,4
soy,height,ANN_RF,0.4416758,0.943323696742133,9
soy,height,GTB,0.3972941683751,0.848534159231026,16
soy,height,ANN_rrBLUP,0.429706481818182,0.9177598295917128,13
soy,height,RF,0.3590677729432,0.766890870982164,17
soy,R8,BayesA,0.488837180665686,0.9925642141332705,4
soy,R8,BayesB,0.488136118620348,0.9911407358758648,6
soy,R8,BL,0.488147048572939,0.991162928704547,5
soy,R8,BRR,0.489105834658108,0.9931097052485306,3
soy,R8,rrBLUP,0.489165310443202,0.9932304684355928,2
soy,R8,GTB,0.4556508016396,0.925180607646752,12
soy,R8,RF,0.3851691485233,0.782070448675358,17
soy,R8,SVR,0.426005708185,0.864987438936461,15
soy,R8,SVRpoly,0.4170923399349,0.846889203568208,16
soy,R8,SVRrbf,0.2926678520897,0.594250290487113,18
soy,R8,ANN,0.463638,0.9413982923427504,9
soy,R8,CNN,0.447441115,0.9085111694574995,14
soy,R8,EN5,0.4862089,0.9872275960595271,7
soy,R8,EN11,0.4924993,1.0,1
soy,R8,ANN_BayesB,0.4535833,0.9209826288077972,13
soy,R8,ANN_BL,0.4623405,0.9387637708317554,10
soy,R8,ANN_RF,0.477883811111111,0.9703238382493358,8
soy,R8,ANN_rrBLUP,0.460901836363636,0.935842622240552,11
soy,yield,BayesB,0.647382102509061,0.9952312477877024,7
soy,yield,BL,0.648198984780255,0.9964870544572194,3
soy,yield,BRR,0.647425315011336,0.995297679084448,6
soy,yield,BayesA,0.64814466308441,0.9964035448128712,4
soy,yield,rrBLUP,0.648922910414748,0.9975999573467632,2
soy,yield,ANN_BayesB,0.6367839,0.9789384552212728,11
soy,yield,CNN,0.62551678,0.9616173246970986,14
soy,yield,SVRpoly,0.6035925153996,0.92791278895149,17
soy,yield,GTB,0.6193392623538,0.952120524319964,15
soy,yield,ANN_BL,0.6411655,0.985674361602382,9
soy,yield,EN5,0.6478617,0.9959685409681804,5
soy,yield,SVRrbf,0.6437181060923,0.9895985253018484,8
soy,yield,RF,0.6006746491747,0.9234271047896482,18
soy,yield,ANN_RF,0.6382106,0.9811317448036008,10
soy,yield,EN11,0.6504841,1.0,1
soy,yield,ANN,0.632406,0.9722082369115556,13
soy,yield,SVR,0.6122651904882,0.9412454362653904,16
soy,yield,ANN_rrBLUP,0.633419,0.973765538619622,12
spruce,DBH,BayesA,0.252947598654463,0.9199600805842582,8
spruce,DBH,BayesB,0.249874785683599,0.9087843853678048,10
spruce,DBH,BL,0.254764567002844,0.9265683202239624,6
spruce,DBH,BRR,0.250158601421403,0.9098166116091684,9
spruce,DBH,rrBLUP,0.24296418189748,0.8836508017726961,11
spruce,DBH,GTB,0.2537819639373,0.9229946330248384,7
spruce,DBH,RF,0.274954972496,1.0,1
spruce,DBH,SVR,0.12333407821838,0.448561002911756,18
spruce,DBH,SVRpoly,0.2670551347354,0.9712686128609116,3
spruce,DBH,SVRrbf,0.2739203376129,0.996237075206505,2
spruce,DBH,ANN,0.240796,0.875765212805901,12
spruce,DBH,CNN,0.203220375,0.739104200062999,17
spruce,DBH,EN5,0.2648995,0.96342865740991,5
spruce,DBH,EN11,0.2649083,0.963460662650332,4
spruce,DBH,ANN_BayesB,0.209114227272727,0.760539899949507,15
spruce,DBH,ANN_BL,0.20473176969697,0.744601080818599,16
spruce,DBH,ANN_RF,0.215309027272727,0.783070134423045,14
spruce,DBH,ANN_rrBLUP,0.222285139393939,0.808441969156143,13
spruce,wood density,BayesA,0.389376650884981,0.9778234987662988,8
spruce,wood density,BayesB,0.389662442732057,0.978541194558256,7
spruce,wood density,BL,0.390280451162723,0.9800931704267832,5
spruce,wood density,BRR,0.383529493967871,0.963139805171602,9
spruce,wood density,rrBLUP,0.390277228237405,0.9800850768441194,6
spruce,wood density,GTB,0.3599009191936,0.9038024627702894,14
spruce,wood density,RF,0.3640831325368,0.9143050608961408,11
spruce,wood density,SVR,0.3212511771112,0.806743160566288,16
spruce,wood density,SVRpoly,0.3964422518483,0.995567014303598,2
spruce,wood density,SVRrbf,0.3942671060525,0.9901046716912664,4
spruce,wood density,ANN,0.314701,0.790294005009951,17
spruce,wood density,CNN,0.301049444444444,0.756011487589873,18
spruce,wood density,EN5,0.3947118,0.99122141094781,3
spruce,wood density,EN11,0.3982075,1.0,1
spruce,wood density,ANN_BayesB,0.3627272,0.9108999704927708,12
spruce,wood density,ANN_BL,0.3692933,0.9273891124602124,10
spruce,wood density,ANN_RF,0.3609209,0.9063638931963864,13
spruce,wood density,ANN_rrBLUP,0.329627316666667,0.827777770802073,15
spruce,height,rrBLUP,0.324537733304995,0.9384311533411568,7
spruce,height,EN11,0.3352472,0.9693985760809272,4
spruce,height,CNN,0.26088936,0.754385939982987,17
spruce,height,BayesA,0.32361199224679,0.9357542866480316,9
spruce,height,EN5,0.33908,0.980481475095156,3
spruce,height,BayesB,0.319882332068209,0.924969626056141,11
spruce,height,GTB,0.3285384116041,0.9499994881296672,6
spruce,height,ANN_BayesB,0.289041616161616,0.835790816851567,12
spruce,height,RF,0.3458300932887,1.0,1
spruce,height,ANN_BL,0.26808356013986,0.775188641307924,16
spruce,height,SVR,0.18861932426905,0.545410384837707,18
spruce,height,BL,0.32431130830603,0.9377764243185582,8
spruce,height,SVRpoly,0.3318866756329,0.9596813061489128,5
spruce,height,SVRrbf,0.3439102999284,0.994448738274788,2
spruce,height,ANN_RF,0.277022154545455,0.801035421501609,14
spruce,height,BRR,0.321707248401593,0.9302465420006998,10
spruce,height,ANN,0.277068,0.801167987913368,13
spruce,height,ANN_rrBLUP,0.276551272727273,0.7996738227647731,15
switchgrass,anthesis date,BayesA,0.852143804141314,0.9966821175874414,2
switchgrass,anthesis date,BayesB,0.851114044987291,0.9954776934876016,5
switchgrass,anthesis date,BL,0.839888299341305,0.9823478674094624,8
switchgrass,anthesis date,BRR,0.851313712230642,0.9957112277454924,4
switchgrass,anthesis date,rrBLUP,0.854980529001569,1.0,1
switchgrass,anthesis date,GTB,0.8151730547894,0.9534404903247856,16
switchgrass,anthesis date,RF,0.8041951606547,0.9406005556568932,17
switchgrass,anthesis date,SVR,0.8395046804123,0.9818991800815148,9
switchgrass,anthesis date,SVRpoly,0.8464379452443,0.9900084464294824,6
switchgrass,anthesis date,SVRrbf,0.8518993140296,0.9963961577282152,3
switchgrass,anthesis date,ANN,0.664659,0.777396651098215,18
switchgrass,anthesis date,CNN,0.829706144444444,0.970438643103792,11
switchgrass,anthesis date,EN5,0.8295683,0.970277417859744,12
switchgrass,anthesis date,EN11,0.8425344,0.9854427924620658,7
switchgrass,anthesis date,ANN_BayesB,0.8159589,0.954359628461788,15
switchgrass,anthesis date,ANN_BL,0.8176642,0.9563541768078088,14
switchgrass,anthesis date,ANN_RF,0.8252128,0.9651831498006967,13
switchgrass,anthesis date,ANN_rrBLUP,0.8366862,0.9786026366905308,10
switchgrass,height,rrBLUP,0.607835202405564,0.989136544798064,3
switchgrass,height,CNN,0.5789067375,0.9420609530755744,12
switchgrass,height,EN5,0.5981317,0.9733459344420112,10
switchgrass,height,GTB,0.564883657496111,0.919241049181264,16
switchgrass,height,RF,0.5663070914161,0.9215574179993156,13
switchgrass,height,ANN_BL,0.54716408951049,0.890405811960308,17
switchgrass,height,EN11,0.6049233,0.9843979757371912,7
switchgrass,height,BL,0.606030508383096,0.9861997474511236,6
switchgrass,height,BayesA,0.607836189109496,0.9891381504716324,2
switchgrass,height,SVRrbf,0.5989213863312,0.9746309992194804,9
switchgrass,height,SVR,0.6006296086147,0.9774108071025404,8
switchgrass,height,ANN_RF,0.5882198,0.9572161965137322,11
switchgrass,height,ANN_BayesB,0.565364,0.9200227155321696,15
switchgrass,height,BRR,0.606977885756228,0.9877414245007112,5
switchgrass,height,BayesB,0.607217897788602,0.988131998576502,4
switchgrass,height,ANN,0.528254,0.859633226683572,18
switchgrass,height,SVRpoly,0.614510914193,1.0,1
switchgrass,height,ANN_rrBLUP,0.5661353,0.9212778600417068,14
switchgrass,standability,BayesA,0.691384789298874,0.9973503333939886,3
switchgrass,standability,BayesB,0.690810964368043,0.9965225678791376,4
switchgrass,standability,BL,0.686030925542844,0.9896271698464691,8
switchgrass,standability,BRR,0.690355593640503,0.9958656773111652,6
switchgrass,standability,rrBLUP,0.692034346837717,0.9982873462382846,2
switchgrass,standability,GTB,0.66298139721775,0.9563772992745132,11
switchgrass,standability,RF,0.6485818682756,0.9356054003067424,16
switchgrass,standability,SVR,0.6794760579785,0.9801715100578272,9
switchgrass,standability,SVRpoly,0.6905147261618,0.9960952323659278,5
switchgrass,standability,SVRrbf,0.6932215954108,1.0,1
switchgrass,standability,ANN,0.551495,0.7955536925724109,18
switchgrass,standability,CNN,0.65096183,0.9390385907038036,15
switchgrass,standability,EN5,0.6775757,0.9774301673312294,10
switchgrass,standability,EN11,0.6872145,0.9913345235483608,7
switchgrass,standability,ANN_BayesB,0.662721927272727,0.9560030034551956,12
switchgrass,standability,ANN_BL,0.6418994,0.9259656713660418,17
switchgrass,standability,ANN_RF,0.6512223,0.9394143291426008,14
switchgrass,standability,ANN_rrBLUP,0.6517198,0.9401319928785452,13
