species,trait,run,input,n_train,n_test,tabpfn_r,tabpfn_sd,tabpfn_ci95_low,tabpfn_ci95_high,best_published,best_published_r,published_rrBLUP_r,tabpfn_minus_best,tabpfn_rank_of_19,our_rrBLUP_r,tabpfn_minus_our_rrBLUP,tabpfn_wins_matched
soy,height,TabPFN,raw markers,4011,1003,0.510747748638799,0.02106163517962417,0.482558237224973,0.538937260052625,BayesA,0.468212344845543,0.464333402465773,0.04253540379325599,1,0.4671720279081546,0.043575720730644356,10/10
soy,R8,TabPFN,raw markers,4011,1003,0.5049190360147691,0.019084208951270356,0.4793761699710094,0.5304619020585287,EN11,0.4924993,0.489165310443202,0.01241973601476909,1,0.4800045265312157,0.02491450948355333,10/10
soy,yield,TabPFN,raw markers,4011,1003,0.6772586850659098,0.01255423202157653,0.660455732026137,0.6940616381056826,EN11,0.6504841,0.648922910414748,0.026774585065909795,1,0.6552736383710112,0.021985046694898737,10/10
soy,height,TabPFN_PCA,PCA,4011,1003,0.33765149247924736,0.029296322621548906,0.2984404334194911,0.3768625515390036,BayesA,0.468212344845543,0.464333402465773,-0.13056085236629567,18,0.4671720279081546,-0.12952053542890726,0/10
soy,R8,TabPFN_PCA,PCA,4011,1003,0.26360565775148626,0.030801058033704715,0.22238061659993164,0.3048306989030409,EN11,0.4924993,0.489165310443202,-0.22889364224851372,19,0.4800045265312157,-0.21639886877972944,0/10
soy,yield,TabPFN_PCA,PCA,4011,1003,0.30197349461297285,0.020202704505981245,0.27493360125215377,0.3290133879737919,EN11,0.6504841,0.648922910414748,-0.34851060538702716,19,0.6552736383710112,-0.35330014375803825,0/10
spruce,DBH,TabPFN,raw markers,1377,345,0.27811823567292837,0.029001362329164896,0.2392752278198127,0.31696124352604405,RF,0.274954972496,0.24296418189748,0.003163263176928388,1,0.25284738385008243,0.025270851822845868,9/10
spruce,wood density,TabPFN,raw markers,1377,345,0.40572317544984104,0.03412008322517106,0.36002440290178456,0.45142194799789753,EN11,0.3982075,0.390277228237405,0.007515675449841053,1,0.42920886862159835,-0.023485693171757315,1/10
spruce,height,TabPFN,raw markers,1377,345,0.3488808621192102,0.04619228214872915,0.2870131761156442,0.4107485481227762,RF,0.3458300932887,0.324537733304995,0.0030507688305101976,1,0.32810214281265415,0.020778719306556025,10/10
spruce,DBH,TabPFN_cover,"raw markers, all covered",1377,345,0.27918647569306015,0.028689810311297873,0.24076074539191977,0.31761220599420054,RF,0.274954972496,0.24296418189748,0.004231503197060171,1,0.25284738385008243,0.02633909184297764,9/10
spruce,wood density,TabPFN_cover,"raw markers, all covered",1377,345,0.40508237810529835,0.03445275882952658,0.3589380361055087,0.451226720105088,EN11,0.3982075,0.390277228237405,0.006874878105298354,1,0.42920886862159835,-0.024126490516299965,1/10
spruce,height,TabPFN_cover,"raw markers, all covered",1377,345,0.3495541851197368,0.0454232499832287,0.288716503227867,0.41039186701160657,RF,0.3458300932887,0.324537733304995,0.00372409183103678,1,0.32810214281265415,0.02145204230708255,9/10
spruce,DBH,TabPFN_PCA,PCA,1377,345,0.27139501610743955,0.033194927320331684,0.22693535218018374,0.31585468003469536,RF,0.274954972496,0.24296418189748,-0.003559956388560437,3,0.25284738385008243,0.018547632257357036,8/10
spruce,wood density,TabPFN_PCA,PCA,1377,345,0.3995333214992443,0.03699377466924745,0.34998566702409856,0.44908097597439006,EN11,0.3982075,0.390277228237405,0.0013258214992443174,1,0.42920886862159835,-0.02967554712235399,1/10
spruce,height,TabPFN_PCA,PCA,1377,345,0.3474626545586393,0.049838427320242316,0.28071149984338933,0.41421380927388923,RF,0.3458300932887,0.324537733304995,0.00163256126993927,1,0.32810214281265415,0.01936051174598505,7/10
rice,flowering time,TabPFN_PCA,PCA,262,65,0.5641437104354422,0.07681720043978063,0.46161912469981936,0.666668296171065,BayesB,0.64964557481645,0.417543915516115,-0.08550186438100782,6,,,
rice,height,TabPFN_PCA,PCA,262,65,0.37825521247271066,0.06185626509199141,0.29569833826482006,0.46081208668060125,EN11,0.4082605,0.342870229367444,-0.03000528752728937,12,,,
rice,yield,TabPFN_PCA,PCA,262,65,0.4070420215140894,0.11246428471395024,0.25694081847181127,0.5571432245563676,EN11,0.3846063,0.271812804499921,0.022435721514089402,1,,,
rice,flowering time,TabPFN_thin_cover,thinned markers,262,65,0.6171462104212997,0.051134796449212726,0.5488988154027745,0.6853936054398249,BayesB,0.64964557481645,0.417543915516115,-0.03249936439515033,3,,,
rice,height,TabPFN_thin_cover,thinned markers,262,65,0.36739318467034177,0.0727902767870102,0.27024315927961096,0.4645432100610726,EN11,0.4082605,0.342870229367444,-0.04086731532965826,12,,,
rice,yield,TabPFN_thin_cover,thinned markers,262,65,0.48183782773677625,0.0836325520713691,0.3702170877717504,0.593458567701802,EN11,0.3846063,0.271812804499921,0.09723152773677624,1,,,
rice,flowering time,TabPFN_hybrid100_cover,100 PCs + thinned markers,262,65,0.6122521357848674,0.07226100039545112,0.515808512638342,0.7086957589313927,BayesB,0.64964557481645,0.417543915516115,-0.037393439031582654,3,,,
rice,height,TabPFN_hybrid100_cover,100 PCs + thinned markers,262,65,0.38787854563265833,0.05759353397156804,0.31101095376936916,0.4647461374959475,EN11,0.4082605,0.342870229367444,-0.020381954367341693,5,,,
rice,yield,TabPFN_hybrid100_cover,100 PCs + thinned markers,262,65,0.4706969835657732,0.0943701112980938,0.34474528900686485,0.5966486781246816,EN11,0.3846063,0.271812804499921,0.08609068356577321,1,,,
rice,flowering time,TabPFN_all_cover,"all markers, past the 20k limit",262,65,0.6030884173363046,0.05606915826435814,0.5282553436146868,0.6779214910579223,BayesB,0.64964557481645,0.417543915516115,-0.04655715748014544,3,,,
rice,height,TabPFN_all_cover,"all markers, past the 20k limit",262,65,0.371784137069057,0.07483725202403091,0.27190210261023806,0.47166617152787593,EN11,0.4082605,0.342870229367444,-0.03647636293094303,12,,,
rice,yield,TabPFN_all_cover,"all markers, past the 20k limit",262,65,0.48243459679967815,0.08110784917091465,0.37418346829527216,0.5906857253040841,EN11,0.3846063,0.271812804499921,0.09782829679967814,1,,,
sorghum,height,TabPFN_PCA,PCA,361,90,0.5970655123358082,0.06291570701396552,0.5129481206104209,0.6811829040611954,BayesB,0.628073294644494,0.627936284146857,-0.03100778230868584,11,,,
sorghum,grain moisture,TabPFN_PCA,PCA,361,90,0.5351663165601694,0.044185021369756876,0.4760915810552591,0.5942410520650798,EN11,0.572386,0.568999933014063,-0.03721968343983051,12,,,
sorghum,yield,TabPFN_PCA,PCA,361,90,0.3818434725125245,0.10092141645538892,0.24691299609628525,0.5167739489287637,BRR,0.410658434637958,0.392946521405377,-0.028814962125433496,12,,,
sorghum,height,TabPFN_thin_cover,thinned markers,361,90,0.5791618511247021,0.05985689490988087,0.49913404701082387,0.6591896552385803,BayesB,0.628073294644494,0.627936284146857,-0.04891144351979193,13,,,
sorghum,grain moisture,TabPFN_thin_cover,thinned markers,361,90,0.5129169234735989,0.04237364427776747,0.4562639729829687,0.569569873964229,EN11,0.572386,0.568999933014063,-0.0594690765264011,15,,,
sorghum,yield,TabPFN_thin_cover,thinned markers,361,90,0.37519858005775913,0.09565402672076599,0.24731052765146083,0.5030866324640575,BRR,0.410658434637958,0.392946521405377,-0.035459854580198846,13,,,
sorghum,height,TabPFN_hybrid100_cover,100 PCs + thinned markers,361,90,0.5995988860554672,0.055241304542292,0.5257420596103008,0.6734557125006335,BayesB,0.628073294644494,0.627936284146857,-0.028474408589026834,11,,,
sorghum,grain moisture,TabPFN_hybrid100_cover,100 PCs + thinned markers,361,90,0.5271071815217023,0.04016993771765134,0.4734005548786918,0.5808138081647128,EN11,0.572386,0.568999933014063,-0.04527881847829762,13,,,
sorghum,yield,TabPFN_hybrid100_cover,100 PCs + thinned markers,361,90,0.3973846848625654,0.09351265430754227,0.2723596164496457,0.5224097532754851,BRR,0.410658434637958,0.392946521405377,-0.013273749775392585,8,,,
maize,flowering time,TabPFN_PCA,PCA,313,78,0.7249119040502261,0.10125891842967079,0.5895507742386424,0.8602730338618098,BRR,0.765207312710814,0.7443424803581,-0.040295408660587895,12,,,
maize,height,TabPFN_PCA,PCA,313,78,0.49733648662932195,0.09307182455975273,0.3729197189864425,0.6217532542722014,EN5,0.4478169,0.444474939207585,0.04951958662932193,1,,,
maize,yield,TabPFN_PCA,PCA,313,78,0.5842826933463436,0.0498615285193866,0.5176286846013817,0.6509367020913056,EN5,0.5456456,0.538353146577263,0.03863709334634369,1,,,
maize,flowering time,TabPFN_thin_cover,thinned markers,313,78,0.714990889038716,0.09446079049728644,0.5887173763160938,0.8412644017613382,BRR,0.765207312710814,0.7443424803581,-0.050216423672098,15,,,
maize,height,TabPFN_thin_cover,thinned markers,313,78,0.48881052255125484,0.08782886886986778,0.3714024452710699,0.6062185998314398,EN5,0.4478169,0.444474939207585,0.04099362255125483,1,,,
maize,yield,TabPFN_thin_cover,thinned markers,313,78,0.553381841490531,0.036670082129921684,0.5043619247822828,0.6024017581987793,EN5,0.5456456,0.538353146577263,0.007736241490531093,1,,,
maize,flowering time,TabPFN_hybrid100_cover,100 PCs + thinned markers,313,78,0.7413253097967265,0.09833267071477614,0.6098759361340278,0.8727746834594252,BRR,0.765207312710814,0.7443424803581,-0.023882002914087486,8,,,
maize,height,TabPFN_hybrid100_cover,100 PCs + thinned markers,313,78,0.5019172166528716,0.0939107052324437,0.37637904817544326,0.6274553851303,EN5,0.4478169,0.444474939207585,0.05410031665287157,1,,,
maize,yield,TabPFN_hybrid100_cover,100 PCs + thinned markers,313,78,0.5851641445313371,0.04216339673555916,0.5288008620933234,0.6415274269693508,EN5,0.5456456,0.538353146577263,0.039518544531337185,1,,,
switchgrass,anthesis date,TabPFN_PCA,PCA,412,102,0.8893538073839379,0.044641312261992555,0.8298173995591325,0.9488902152087433,rrBLUP,0.854980529001569,0.854980529001569,0.03437327838236892,1,,,
switchgrass,height,TabPFN_PCA,PCA,412,102,0.6177799098876958,0.06164540121050332,0.5355658001085568,0.6999940196668348,SVRpoly,0.614510914193,0.607835202405564,0.003268995694695853,1,,,
switchgrass,standability,TabPFN_PCA,PCA,412,102,0.6746096979253482,0.06846661017234076,0.5832984030942381,0.7659209927564583,SVRrbf,0.6932215954108,0.692034346837717,-0.018611897485451778,11,,,
switchgrass,anthesis date,TabPFN_thin_cover,thinned markers,412,102,0.8675348872771804,0.05332400473663843,0.7964187051582398,0.9386510693961211,rrBLUP,0.854980529001569,0.854980529001569,0.012554358275611466,1,,,
switchgrass,height,TabPFN_thin_cover,thinned markers,412,102,0.5978516038120433,0.0616160472174888,0.5156766423287505,0.680026565295336,SVRpoly,0.614510914193,0.607835202405564,-0.016659310380956693,11,,,
switchgrass,standability,TabPFN_thin_cover,thinned markers,412,102,0.6671397143777944,0.06518676555236337,0.5802026226559245,0.7540768060996643,SVRrbf,0.6932215954108,0.692034346837717,-0.02608188103300557,11,,,
switchgrass,anthesis date,TabPFN_hybrid100_cover,100 PCs + thinned markers,412,102,0.8968857067496672,0.04366459326414148,0.8386519116313391,0.9551195018679952,rrBLUP,0.854980529001569,0.854980529001569,0.04190517774809821,1,,,
switchgrass,height,TabPFN_hybrid100_cover,100 PCs + thinned markers,412,102,0.6202249785794102,0.062249786012080685,0.5372048239461539,0.7032451332126665,SVRpoly,0.614510914193,0.607835202405564,0.0057140643864102,1,,,
switchgrass,standability,TabPFN_hybrid100_cover,100 PCs + thinned markers,412,102,0.6845022860681287,0.06657432494775135,0.5957146595420816,0.7732899125941758,SVRrbf,0.6932215954108,0.692034346837717,-0.008719309342671289,9,,,
