Algorithm,mean_rank,median_rank,wins,top3
TabPFN,3.7777777777777777,1.0,11,12
EN11,3.8333333333333335,3.5,2,9
BayesA,5.5,5.0,0,7
EN5,6.111111111111111,5.5,0,4
BRR,6.277777777777778,6.0,2,2
BayesB,6.5,7.0,2,2
BL,7.055555555555555,7.0,0,1
rrBLUP,7.166666666666667,6.0,0,6
SVRpoly,7.888888888888889,7.0,0,3
SVRrbf,9.722222222222221,10.5,1,4
RF,11.777777777777779,13.0,0,4
SVR,12.555555555555555,10.5,0,0
GTB,13.5,14.5,0,0
ANN_BayesB,13.61111111111111,14.0,0,0
ANN_RF,13.722222222222221,14.0,0,0
ANN_BL,14.61111111111111,15.0,0,0
ANN,15.0,14.5,0,0
ANN_rrBLUP,15.055555555555555,15.0,0,0
CNN,16.333333333333332,16.5,0,0
