species,trait,rep,model,n_train,n_test,n_features,n_estimators,r,seconds
rice,YLD,1,TabPFN_all_cover,262,65,57542,75,0.6233524032353338,56.62025809288025
rice,YLD,2,TabPFN_all_cover,262,65,57542,75,0.3576090762726429,56.73269987106323
rice,YLD,3,TabPFN_all_cover,262,65,57542,75,0.5457123301989,57.19392704963684
rice,YLD,4,TabPFN_all_cover,261,66,57542,75,0.5567323833044766,57.81112313270569
rice,YLD,5,TabPFN_all_cover,262,65,57542,75,0.3863912941910447,56.77667784690857
rice,YLD,6,TabPFN_all_cover,262,65,57542,75,0.49531197205513455,57.67779183387756
rice,YLD,7,TabPFN_all_cover,261,66,57542,75,0.5033578518342641,57.726691007614136
rice,YLD,8,TabPFN_all_cover,261,66,57542,75,0.4637070592915115,58.05234718322754
rice,YLD,9,TabPFN_all_cover,261,66,57542,75,0.4727481424976052,57.365413188934326
rice,YLD,10,TabPFN_all_cover,263,64,57542,75,0.4194234551158688,57.95622897148132
rice,FT,1,TabPFN_all_cover,262,65,57542,75,0.5781151025495542,57.600075006484985
rice,FT,2,TabPFN_all_cover,262,65,57542,75,0.6050178755855075,57.261707067489624
rice,FT,3,TabPFN_all_cover,262,65,57542,75,0.630859927970933,57.30332899093628
rice,FT,4,TabPFN_all_cover,261,66,57542,75,0.5793992201452853,57.97491216659546
rice,FT,5,TabPFN_all_cover,262,65,57542,75,0.49386772742714485,57.055964946746826
rice,FT,6,TabPFN_all_cover,262,65,57542,75,0.5927790036588562,57.424412965774536
rice,FT,7,TabPFN_all_cover,261,66,57542,75,0.6515832725190437,56.92632484436035
rice,FT,8,TabPFN_all_cover,261,66,57542,75,0.6586681059533966,57.42144584655762
rice,FT,9,TabPFN_all_cover,261,66,57542,75,0.5560110213103583,57.40100312232971
rice,FT,10,TabPFN_all_cover,263,64,57542,75,0.6845829162429659,57.265125036239624
rice,HT,1,TabPFN_all_cover,262,65,57542,75,0.30488075123417796,57.02819609642029
rice,HT,2,TabPFN_all_cover,262,65,57542,75,0.38738491529088365,56.80705714225769
rice,HT,3,TabPFN_all_cover,262,65,57542,75,0.20608892903447376,57.00909399986267
rice,HT,4,TabPFN_all_cover,261,66,57542,75,0.3550385137322684,57.70965576171875
rice,HT,5,TabPFN_all_cover,262,65,57542,75,0.4193675488578951,56.871582984924316
rice,HT,6,TabPFN_all_cover,262,65,57542,75,0.4470010948147672,57.105366945266724
rice,HT,7,TabPFN_all_cover,261,66,57542,75,0.4249170483276787,57.07914590835571
rice,HT,8,TabPFN_all_cover,261,66,57542,75,0.3418273408091815,57.85356593132019
rice,HT,9,TabPFN_all_cover,261,66,57542,75,0.38061795971041534,57.52345275878906
rice,HT,10,TabPFN_all_cover,263,64,57542,75,0.4507172688788287,57.934755086898804
