species,trait,rep,model,n_train,n_test,r,seconds
soy,HT,1,TabPFN,4011,1003,0.5236631537532912,92.6906681060791
soy,HT,2,TabPFN,4011,1003,0.5156970346677031,91.72833108901978
soy,HT,3,TabPFN,4012,1002,0.4935353062013017,92.21060919761658
soy,HT,4,TabPFN,4012,1002,0.4693524151347988,91.0725748538971
soy,HT,5,TabPFN,4012,1002,0.523172853199674,91.84296917915344
soy,HT,6,TabPFN,4011,1003,0.5112098562524184,92.23816108703612
soy,HT,7,TabPFN,4011,1003,0.5323837588779006,91.44302320480348
soy,HT,8,TabPFN,4011,1003,0.5367735881994272,93.89404273033142
soy,HT,9,TabPFN,4011,1003,0.4886999883511652,94.58678913116456
soy,HT,10,TabPFN,4011,1003,0.5129895317503094,95.59254503250122
soy,R8,1,TabPFN,4011,1003,0.5325389837581319,93.524316072464
soy,R8,2,TabPFN,4011,1003,0.4975395952901783,97.03754329681396
soy,R8,3,TabPFN,4012,1002,0.47907466370134977,91.55554413795471
soy,R8,4,TabPFN,4012,1002,0.4885929443997608,95.1549391746521
soy,R8,5,TabPFN,4012,1002,0.495319807426342,98.60716891288757
soy,R8,6,TabPFN,4011,1003,0.5108174445379674,98.58113098144531
soy,R8,7,TabPFN,4011,1003,0.49325083624488836,99.63800382614136
soy,R8,8,TabPFN,4011,1003,0.5394936131029071,95.14681220054626
soy,R8,9,TabPFN,4011,1003,0.5119326480194429,95.43778920173645
soy,R8,10,TabPFN,4011,1003,0.5006298236667218,94.67118000984192
soy,YLD,1,TabPFN,4011,1003,0.6628557766584049,91.31963586807251
soy,YLD,2,TabPFN,4011,1003,0.6929728465121636,94.73768186569214
soy,YLD,3,TabPFN,4012,1002,0.6752370917491467,91.29509615898132
soy,YLD,4,TabPFN,4012,1002,0.6744513649305307,94.09529280662537
soy,YLD,5,TabPFN,4012,1002,0.6729248974965866,93.32260298728943
soy,YLD,6,TabPFN,4011,1003,0.6734778786111583,90.60137486457825
soy,YLD,7,TabPFN,4011,1003,0.661149961479347,89.59293103218079
soy,YLD,8,TabPFN,4011,1003,0.6743984317352832,89.53743982315063
soy,YLD,9,TabPFN,4011,1003,0.7021292075184065,90.12432384490967
soy,YLD,10,TabPFN,4011,1003,0.682989393968071,89.8734381198883
