"species","trait","rep","model","n_train","n_test","r","seconds"
"soy","HT",1,"rrBLUP",4011,1003,0.478024225552982,273.75229382515
"soy","HT",2,"rrBLUP",4011,1003,0.484867815577635,284.94627404213
"soy","HT",3,"rrBLUP",4012,1002,0.457407366092607,271.045440912247
"soy","HT",4,"rrBLUP",4012,1002,0.440360543800281,266.885817050934
"soy","HT",5,"rrBLUP",4012,1002,0.489230401879512,266.231109142303
"soy","HT",6,"rrBLUP",4011,1003,0.450534733044242,267.673676013947
"soy","HT",7,"rrBLUP",4011,1003,0.464971912865928,245.326359033585
"soy","HT",8,"rrBLUP",4011,1003,0.465729828787078,227.358916044235
"soy","HT",9,"rrBLUP",4011,1003,0.461865339977723,227.551721811295
"soy","HT",10,"rrBLUP",4011,1003,0.478728111503558,226.271697044373
"soy","R8",1,"rrBLUP",4011,1003,0.494357167214195,226.638150930405
"soy","R8",2,"rrBLUP",4011,1003,0.483078447759685,227.668908834457
"soy","R8",3,"rrBLUP",4012,1002,0.451738660034221,228.538399934769
"soy","R8",4,"rrBLUP",4012,1002,0.462525145950239,227.754009008408
"soy","R8",5,"rrBLUP",4012,1002,0.475955806525277,226.359571933746
"soy","R8",6,"rrBLUP",4011,1003,0.488231773115602,226.497979879379
"soy","R8",7,"rrBLUP",4011,1003,0.466715983169964,226.396610021591
"soy","R8",8,"rrBLUP",4011,1003,0.507944341733348,227.064361095428
"soy","R8",9,"rrBLUP",4011,1003,0.486994352196451,227.432022809982
"soy","R8",10,"rrBLUP",4011,1003,0.482503587613175,227.966918945312
"soy","YLD",1,"rrBLUP",4011,1003,0.641295977705194,227.780725955963
"soy","YLD",2,"rrBLUP",4011,1003,0.672065268975228,227.423195838928
"soy","YLD",3,"rrBLUP",4012,1002,0.639891831786176,227.910239934921
"soy","YLD",4,"rrBLUP",4012,1002,0.650644259282767,227.749023199081
"soy","YLD",5,"rrBLUP",4012,1002,0.652872155881154,227.293256044388
"soy","YLD",6,"rrBLUP",4011,1003,0.655593154644686,225.637560844421
"soy","YLD",7,"rrBLUP",4011,1003,0.648730841692682,224.306884050369
"soy","YLD",8,"rrBLUP",4011,1003,0.654717819516605,263.582921981812
"soy","YLD",9,"rrBLUP",4011,1003,0.678475582585893,287.694745063782
"soy","YLD",10,"rrBLUP",4011,1003,0.658449491639726,275.926847934723
