species,trait,rep,model,n_train,n_test,n_features,r,seconds
spruce,DBH,1,TabPFN,1377,345,6930,0.23853044561311065,34.93428993225098
spruce,DBH,2,TabPFN,1377,345,6930,0.3098128128294487,35.268595933914185
spruce,DBH,3,TabPFN,1377,345,6930,0.26937683409391466,33.60337471961975
spruce,DBH,4,TabPFN,1378,344,6930,0.2773862886650493,33.67424702644348
spruce,DBH,5,TabPFN,1377,345,6930,0.270170823858293,33.48311901092529
spruce,DBH,6,TabPFN,1378,344,6930,0.264579988207286,33.52414798736572
spruce,DBH,7,TabPFN,1378,344,6930,0.31847910022995696,33.53016209602356
spruce,DBH,8,TabPFN,1377,345,6930,0.30362852966078263,33.43343806266785
spruce,DBH,9,TabPFN,1379,343,6930,0.2964662029367204,33.69570302963257
spruce,DBH,10,TabPFN,1378,344,6930,0.2327513306347216,35.57242131233215
spruce,HT,1,TabPFN,1377,345,6930,0.27832314244475165,33.755199909210205
spruce,HT,2,TabPFN,1377,345,6930,0.37113493464792213,33.781996965408325
spruce,HT,3,TabPFN,1377,345,6930,0.3718872939391352,34.11505317687988
spruce,HT,4,TabPFN,1378,344,6930,0.3255697134642214,33.96265387535095
spruce,HT,5,TabPFN,1377,345,6930,0.34477129439518545,34.409724950790405
spruce,HT,6,TabPFN,1378,344,6930,0.32762950641901833,34.722537994384766
spruce,HT,7,TabPFN,1378,344,6930,0.43663093645697865,32.89211821556091
spruce,HT,8,TabPFN,1377,345,6930,0.38065353193247703,32.59983491897583
spruce,HT,9,TabPFN,1379,343,6930,0.36104376593102866,33.14639210700989
spruce,HT,10,TabPFN,1378,344,6930,0.29116450156138407,32.699334144592285
spruce,DE,1,TabPFN,1377,345,6930,0.4201772454618029,33.81800293922424
spruce,DE,2,TabPFN,1377,345,6930,0.4218235882627887,35.41804003715515
spruce,DE,3,TabPFN,1377,345,6930,0.3841460523121161,34.54356408119202
spruce,DE,4,TabPFN,1378,344,6930,0.43486054892349874,32.07824897766113
spruce,DE,5,TabPFN,1377,345,6930,0.34136272044536,32.41734504699707
spruce,DE,6,TabPFN,1378,344,6930,0.3910599995027601,31.78041386604309
spruce,DE,7,TabPFN,1378,344,6930,0.4402903535519567,32.1361620426178
spruce,DE,8,TabPFN,1377,345,6930,0.36260003350073156,31.48210883140564
spruce,DE,9,TabPFN,1379,343,6930,0.43592187400669996,32.156866788864136
spruce,DE,10,TabPFN,1378,344,6930,0.42498933853069526,31.851255178451538
